0,2024-05-09 00:00:00,file_4,25,8,user_5
1,2024-05-09 00:01:00,file_1,26,7,user_5
2,2024-05-09 00:02:00,file_9,19,8,user_7
3,2024-05-09 00:03:00,file_8,11,7,user_7
4,2024-05-09 00:04:00,file_8,17,8,user_6
5,2024-05-09 00:05:00,file_5,22,5,user_8
6,2024-05-09 00:06:00,file_4,29,7,user_5
7,2024-05-09 00:07:00,file_18,11,7,user_4
8,2024-05-09 00:08:00,file_3,10,6,user_8
9,2024-05-09 00:09:00,file_19,16,10,user_5
10,2024-05-09 00:10:00,file_14,19,10,user_9
11,2024-05-09 00:11:00,file_2,16,8,user_10
12,2024-05-09 00:12:00,file_1,14,9,user_7
13,2024-05-09 00:13:00,file_3,18,9,user_10
14,2024-05-09 00:14:00,file_7,19,6,user_2
15,2024-05-09 00:15:00,file_8,20,8,user_1
16,2024-05-09 00:16:00,file_17,13,5,user_9
17,2024-05-09 00:17:00,file_20,10,6,user_6
18,2024-05-09 00:18:00,file_1,25,7,user_9
19,2024-05-09 00:19:00,file_18,23,5,user_10
20,2024-05-09 00:20:00,file_7,15,8,user_10
21,2024-05-09 00:21:00,file_18,14,7,user_5
22,2024-05-09 00:22:00,file_14,22,9,user_5
23,2024-05-09 00:23:00,file_8,27,8,user_2
24,2024-05-09 00:24:00,file_15,17,7,user_8
25,2024-05-09 00:25:00,file_19,26,8,user_2
26,2024-05-09 00:26:00,file_9,27,7,user_6
27,2024-05-09 00:27:00,file_1,21,8,user_5
28,2024-05-09 00:28:00,file_6,12,10,user_6
29,2024-05-09 00:29:00,file_14,22,9,user_5
30,2024-05-09 00:30:00,file_11,11,6,user_5
31,2024-05-09 00:31:00,file_9,23,7,user_5
32,2024-05-09 00:32:00,file_5,10,7,user_4
33,2024-05-09 00:33:00,file_7,24,9,user_3
34,2024-05-09 00:34:00,file_11,12,10,user_9
35,2024-05-09 00:35:00,file_4,20,6,user_4
36,2024-05-09 00:36:00,file_3,28,8,user_1
37,2024-05-09 00:37:00,file_13,23,7,user_10
38,2024-05-09 00:38:00,file_4,28,6,user_7
39,2024-05-09 00:39:00,file_12,22,8,user_6
40,2024-05-09 00:40:00,file_12,30,7,user_3
41,2024-05-09 00:41:00,file_20,23,7,user_1
42,2024-05-09 00:42:00,file_9,19,10,user_8
43,2024-05-09 00:43:00,file_2,13,10,user_5
44,2024-05-09 00:44:00,file_15,22,10,user_5
45,2024-05-09 00:45:00,file_18,10,8,user_7
46,2024-05-09 00:46:00,file_4,20,9,user_7
47,2024-05-09 00:47:00,file_13,15,6,user_7
48,2024-05-09 00:48:00,file_3,29,7,user_1
49,2024-05-09 00:49:00,file_18,24,8,user_10
50,2024-05-09 00:50:00,file_10,21,7,user_10
51,2024-05-09 00:51:00,file_20,12,8,user_4
52,2024-05-09 00:52:00,file_12,23,7,user_6
53,2024-05-09 00:53:00,file_19,13,5,user_4
54,2024-05-09 00:54:00,file_7,17,9,user_9
55,2024-05-09 00:55:00,file_3,23,6,user_8
56,2024-05-09 00:56:00,file_2,28,9,user_6
57,2024-05-09 00:57:00,file_8,22,9,user_9
58,2024-05-09 00:58:00,file_10,26,6,user_5
59,2024-05-09 00:59:00,file_3,12,10,user_3
60,2024-05-09 01:00:00,file_8,22,9,user_9
61,2024-05-09 01:01:00,file_4,19,5,user_3
62,2024-05-09 01:02:00,file_13,20,10,user_5
63,2024-05-09 01:03:00,file_9,17,8,user_2
64,2024-05-09 01:04:00,file_15,20,10,user_8
65,2024-05-09 01:05:00,file_12,15,6,user_3
66,2024-05-09 01:06:00,file_6,12,8,user_5
67,2024-05-09 01:07:00,file_12,26,7,user_9
68,2024-05-09 01:08:00,file_12,30,10,user_3
69,2024-05-09 01:09:00,file_7,13,5,user_6
70,2024-05-09 01:10:00,file_9,26,8,user_2
71,2024-05-09 01:11:00,file_3,26,10,user_4
72,2024-05-09 01:12:00,file_20,16,8,user_6
73,2024-05-09 01:13:00,file_6,21,6,user_4
74,2024-05-09 01:14:00,file_18,21,10,user_5
75,2024-05-09 01:15:00,file_8,30,7,user_7
76,2024-05-09 01:16:00,file_6,14,6,user_6
77,2024-05-09 01:17:00,file_15,17,7,user_6
78,2024-05-09 01:18:00,file_13,13,10,user_5
79,2024-05-09 01:19:00,file_9,14,6,user_10
80,2024-05-09 01:20:00,file_18,18,10,user_5
81,2024-05-09 01:21:00,file_8,16,8,user_8
82,2024-05-09 01:22:00,file_11,15,8,user_2
83,2024-05-09 01:23:00,file_2,29,5,user_8
84,2024-05-09 01:24:00,file_8,14,8,user_1
85,2024-05-09 01:25:00,file_2,30,9,user_10
86,2024-05-09 01:26:00,file_11,12,8,user_10
87,2024-05-09 01:27:00,file_13,15,9,user_10
88,2024-05-09 01:28:00,file_9,30,8,user_2
89,2024-05-09 01:29:00,file_3,25,9,user_8
90,2024-05-09 01:30:00,file_7,24,9,user_4
91,2024-05-09 01:31:00,file_19,28,10,user_9
92,2024-05-09 01:32:00,file_11,28,8,user_2
93,2024-05-09 01:33:00,file_7,24,9,user_7
94,2024-05-09 01:34:00,file_16,28,5,user_9
95,2024-05-09 01:35:00,file_13,30,7,user_5
96,2024-05-09 01:36:00,file_15,30,10,user_7
97,2024-05-09 01:37:00,file_5,29,9,user_1
98,2024-05-09 01:38:00,file_9,20,9,user_3
99,2024-05-09 01:39:00,file_5,30,10,user_3
100,2024-05-09 01:40:00,file_8,20,5,user_4
101,2024-05-09 01:41:00,file_18,14,5,user_6
102,2024-05-09 01:42:00,file_18,24,6,user_7
103,2024-05-09 01:43:00,file_9,12,10,user_10
104,2024-05-09 01:44:00,file_19,25,10,user_8
105,2024-05-09 01:45:00,file_14,24,7,user_3
106,2024-05-09 01:46:00,file_19,30,6,user_6
107,2024-05-09 01:47:00,file_13,19,10,user_3
108,2024-05-09 01:48:00,file_12,18,9,user_2
109,2024-05-09 01:49:00,file_8,28,5,user_8
110,2024-05-09 01:50:00,file_5,11,9,user_6
111,2024-05-09 01:51:00,file_17,21,10,user_3
112,2024-05-09 01:52:00,file_16,26,10,user_6
113,2024-05-09 01:53:00,file_3,12,10,user_1
114,2024-05-09 01:54:00,file_2,19,8,user_1
115,2024-05-09 01:55:00,file_4,24,7,user_8
116,2024-05-09 01:56:00,file_5,24,8,user_5
117,2024-05-09 01:57:00,file_6,11,5,user_4
118,2024-05-09 01:58:00,file_14,11,5,user_3
119,2024-05-09 01:59:00,file_20,21,5,user_10
120,2024-05-09 02:00:00,file_3,19,7,user_3
121,2024-05-09 02:01:00,file_13,12,6,user_8
122,2024-05-09 02:02:00,file_13,30,9,user_2
123,2024-05-09 02:03:00,file_20,12,10,user_3
124,2024-05-09 02:04:00,file_15,29,9,user_10
125,2024-05-09 02:05:00,file_17,29,9,user_7
126,2024-05-09 02:06:00,file_9,26,9,user_7
127,2024-05-09 02:07:00,file_18,22,10,user_7
128,2024-05-09 02:08:00,file_1,24,9,user_7
129,2024-05-09 02:09:00,file_4,28,6,user_8
130,2024-05-09 02:10:00,file_18,27,8,user_7
131,2024-05-09 02:11:00,file_9,11,7,user_1
132,2024-05-09 02:12:00,file_11,24,8,user_1
133,2024-05-09 02:13:00,file_4,28,8,user_9
134,2024-05-09 02:14:00,file_10,30,10,user_4
135,2024-05-09 02:15:00,file_14,16,9,user_6
136,2024-05-09 02:16:00,file_6,20,10,user_1
137,2024-05-09 02:17:00,file_15,29,9,user_6
138,2024-05-09 02:18:00,file_1,25,6,user_9
139,2024-05-09 02:19:00,file_9,26,7,user_4
140,2024-05-09 02:20:00,file_17,14,5,user_1
141,2024-05-09 02:21:00,file_6,11,8,user_1
142,2024-05-09 02:22:00,file_17,24,5,user_4
143,2024-05-09 02:23:00,file_4,13,7,user_4
144,2024-05-09 02:24:00,file_10,20,8,user_6
145,2024-05-09 02:25:00,file_17,12,5,user_5
146,2024-05-09 02:26:00,file_20,26,5,user_3
147,2024-05-09 02:27:00,file_7,30,10,user_2
148,2024-05-09 02:28:00,file_5,15,6,user_7
149,2024-05-09 02:29:00,file_12,11,7,user_9
150,2024-05-09 02:30:00,file_6,17,7,user_10
151,2024-05-09 02:31:00,file_18,24,7,user_5
152,2024-05-09 02:32:00,file_17,24,8,user_3
153,2024-05-09 02:33:00,file_1,26,6,user_2
154,2024-05-09 02:34:00,file_20,26,9,user_1
155,2024-05-09 02:35:00,file_11,29,8,user_5
156,2024-05-09 02:36:00,file_16,15,7,user_5
157,2024-05-09 02:37:00,file_1,21,8,user_8
158,2024-05-09 02:38:00,file_4,21,5,user_9
159,2024-05-09 02:39:00,file_12,19,8,user_10
160,2024-05-09 02:40:00,file_10,22,10,user_9
161,2024-05-09 02:41:00,file_8,23,10,user_6
162,2024-05-09 02:42:00,file_2,20,8,user_7
163,2024-05-09 02:43:00,file_8,29,7,user_3
164,2024-05-09 02:44:00,file_19,11,5,user_6
165,2024-05-09 02:45:00,file_3,30,7,user_8
166,2024-05-09 02:46:00,file_3,30,5,user_6
167,2024-05-09 02:47:00,file_16,20,10,user_4
168,2024-05-09 02:48:00,file_3,12,5,user_3
169,2024-05-09 02:49:00,file_18,20,5,user_7
170,2024-05-09 02:50:00,file_5,13,7,user_1
171,2024-05-09 02:51:00,file_5,27,10,user_4
172,2024-05-09 02:52:00,file_16,22,5,user_4
173,2024-05-09 02:53:00,file_18,19,10,user_3
174,2024-05-09 02:54:00,file_6,18,6,user_4
175,2024-05-09 02:55:00,file_9,29,10,user_1
176,2024-05-09 02:56:00,file_17,14,6,user_10
177,2024-05-09 02:57:00,file_20,20,9,user_9
178,2024-05-09 02:58:00,file_14,12,6,user_3
179,2024-05-09 02:59:00,file_7,28,9,user_2
180,2024-05-09 03:00:00,file_18,14,6,user_6
181,2024-05-09 03:01:00,file_7,21,7,user_1
182,2024-05-09 03:02:00,file_10,19,9,user_7
183,2024-05-09 03:03:00,file_13,30,8,user_5
184,2024-05-09 03:04:00,file_12,22,8,user_9
185,2024-05-09 03:05:00,file_15,14,6,user_10
186,2024-05-09 03:06:00,file_17,29,8,user_1
187,2024-05-09 03:07:00,file_15,12,10,user_10
188,2024-05-09 03:08:00,file_4,19,6,user_1
189,2024-05-09 03:09:00,file_8,27,6,user_2
190,2024-05-09 03:10:00,file_8,22,10,user_1
191,2024-05-09 03:11:00,file_3,30,10,user_1
192,2024-05-09 03:12:00,file_11,20,8,user_2
193,2024-05-09 03:13:00,file_1,14,8,user_7
194,2024-05-09 03:14:00,file_19,26,5,user_8
195,2024-05-09 03:15:00,file_18,12,10,user_7
196,2024-05-09 03:16:00,file_8,30,9,user_2
197,2024-05-09 03:17:00,file_19,23,6,user_9
198,2024-05-09 03:18:00,file_8,26,8,user_5
199,2024-05-09 03:19:00,file_1,21,9,user_8
200,2024-05-09 03:20:00,file_3,10,8,user_3
201,2024-05-09 03:21:00,file_2,21,8,user_4
202,2024-05-09 03:22:00,file_8,19,5,user_1
203,2024-05-09 03:23:00,file_3,15,10,user_5
204,2024-05-09 03:24:00,file_2,16,6,user_7
205,2024-05-09 03:25:00,file_11,20,6,user_2
206,2024-05-09 03:26:00,file_3,25,7,user_9
207,2024-05-09 03:27:00,file_17,16,10,user_5
208,2024-05-09 03:28:00,file_8,17,5,user_10
209,2024-05-09 03:29:00,file_9,14,9,user_10
210,2024-05-09 03:30:00,file_16,14,5,user_3
211,2024-05-09 03:31:00,file_7,12,9,user_7
212,2024-05-09 03:32:00,file_18,19,6,user_2
213,2024-05-09 03:33:00,file_5,13,7,user_9
214,2024-05-09 03:34:00,file_19,26,7,user_10
215,2024-05-09 03:35:00,file_19,27,6,user_2
216,2024-05-09 03:36:00,file_16,26,8,user_5
217,2024-05-09 03:37:00,file_8,11,5,user_2
218,2024-05-09 03:38:00,file_16,20,7,user_2
219,2024-05-09 03:39:00,file_14,29,10,user_8
220,2024-05-09 03:40:00,file_7,14,8,user_4
221,2024-05-09 03:41:00,file_4,29,9,user_10
222,2024-05-09 03:42:00,file_4,22,10,user_4
223,2024-05-09 03:43:00,file_14,14,7,user_5
224,2024-05-09 03:44:00,file_12,15,9,user_9
225,2024-05-09 03:45:00,file_14,15,8,user_4
226,2024-05-09 03:46:00,file_14,29,9,user_6
227,2024-05-09 03:47:00,file_15,15,8,user_7
228,2024-05-09 03:48:00,file_2,24,9,user_5
229,2024-05-09 03:49:00,file_4,11,5,user_3
230,2024-05-09 03:50:00,file_2,23,7,user_1
231,2024-05-09 03:51:00,file_13,21,7,user_9
232,2024-05-09 03:52:00,file_11,17,8,user_8
233,2024-05-09 03:53:00,file_4,24,9,user_4
234,2024-05-09 03:54:00,file_8,29,6,user_8
235,2024-05-09 03:55:00,file_7,19,10,user_6
236,2024-05-09 03:56:00,file_7,24,10,user_4
237,2024-05-09 03:57:00,file_18,17,7,user_1
238,2024-05-09 03:58:00,file_15,27,9,user_1
239,2024-05-09 03:59:00,file_5,17,9,user_2
240,2024-05-09 04:00:00,file_14,19,5,user_2
241,2024-05-09 04:01:00,file_6,25,10,user_10
242,2024-05-09 04:02:00,file_9,16,6,user_8
243,2024-05-09 04:03:00,file_15,21,7,user_3
244,2024-05-09 04:04:00,file_8,28,5,user_2
245,2024-05-09 04:05:00,file_3,24,6,user_9
246,2024-05-09 04:06:00,file_15,24,7,user_2
247,2024-05-09 04:07:00,file_18,19,5,user_2
248,2024-05-09 04:08:00,file_4,22,6,user_5
249,2024-05-09 04:09:00,file_2,26,7,user_4
250,2024-05-09 04:10:00,file_18,26,10,user_8
251,2024-05-09 04:11:00,file_1,23,6,user_5
252,2024-05-09 04:12:00,file_3,15,9,user_5
253,2024-05-09 04:13:00,file_8,16,8,user_8
254,2024-05-09 04:14:00,file_6,29,8,user_1
255,2024-05-09 04:15:00,file_14,14,9,user_2
256,2024-05-09 04:16:00,file_16,18,6,user_3
257,2024-05-09 04:17:00,file_16,11,9,user_1
258,2024-05-09 04:18:00,file_7,30,8,user_5
259,2024-05-09 04:19:00,file_13,25,8,user_6
260,2024-05-09 04:20:00,file_2,21,6,user_6
261,2024-05-09 04:21:00,file_6,27,8,user_7
262,2024-05-09 04:22:00,file_13,13,10,user_2
263,2024-05-09 04:23:00,file_1,26,9,user_2
264,2024-05-09 04:24:00,file_13,13,10,user_1
265,2024-05-09 04:25:00,file_9,19,10,user_1
266,2024-05-09 04:26:00,file_15,12,6,user_3
267,2024-05-09 04:27:00,file_10,15,9,user_3
268,2024-05-09 04:28:00,file_14,18,6,user_6
269,2024-05-09 04:29:00,file_18,24,8,user_6
270,2024-05-09 04:30:00,file_16,26,7,user_8
271,2024-05-09 04:31:00,file_5,14,6,user_10
272,2024-05-09 04:32:00,file_7,23,6,user_5
273,2024-05-09 04:33:00,file_10,12,7,user_2
274,2024-05-09 04:34:00,file_7,17,8,user_6
275,2024-05-09 04:35:00,file_2,24,9,user_6
276,2024-05-09 04:36:00,file_19,21,5,user_3
277,2024-05-09 04:37:00,file_18,10,7,user_2
278,2024-05-09 04:38:00,file_2,23,5,user_7
279,2024-05-09 04:39:00,file_11,11,8,user_7
280,2024-05-09 04:40:00,file_2,22,6,user_8
281,2024-05-09 04:41:00,file_2,26,6,user_5
282,2024-05-09 04:42:00,file_19,21,8,user_7
283,2024-05-09 04:43:00,file_16,17,9,user_8
284,2024-05-09 04:44:00,file_17,22,9,user_7
285,2024-05-09 04:45:00,file_17,12,10,user_3
286,2024-05-09 04:46:00,file_6,21,8,user_2
287,2024-05-09 04:47:00,file_2,17,8,user_3
288,2024-05-09 04:48:00,file_17,10,10,user_1
289,2024-05-09 04:49:00,file_3,20,8,user_3
290,2024-05-09 04:50:00,file_6,13,8,user_2
291,2024-05-09 04:51:00,file_3,30,10,user_7
292,2024-05-09 04:52:00,file_20,20,8,user_10
293,2024-05-09 04:53:00,file_3,14,8,user_8
294,2024-05-09 04:54:00,file_8,14,6,user_10
295,2024-05-09 04:55:00,file_13,11,5,user_8
296,2024-05-09 04:56:00,file_4,19,9,user_3
297,2024-05-09 04:57:00,file_19,25,5,user_10
298,2024-05-09 04:58:00,file_8,14,6,user_7
299,2024-05-09 04:59:00,file_19,25,7,user_6
300,2024-05-09 05:00:00,file_20,24,5,user_10
301,2024-05-09 05:01:00,file_2,29,7,user_1
302,2024-05-09 05:02:00,file_20,10,6,user_3
303,2024-05-09 05:03:00,file_3,12,9,user_8
304,2024-05-09 05:04:00,file_14,10,7,user_8
305,2024-05-09 05:05:00,file_19,18,6,user_2
306,2024-05-09 05:06:00,file_19,16,8,user_7
307,2024-05-09 05:07:00,file_17,14,9,user_8
308,2024-05-09 05:08:00,file_11,27,10,user_1
309,2024-05-09 05:09:00,file_9,29,8,user_2
310,2024-05-09 05:10:00,file_7,26,9,user_5
311,2024-05-09 05:11:00,file_11,23,9,user_6
312,2024-05-09 05:12:00,file_8,13,5,user_1
313,2024-05-09 05:13:00,file_9,19,9,user_9
314,2024-05-09 05:14:00,file_13,17,5,user_10
315,2024-05-09 05:15:00,file_5,19,7,user_10
316,2024-05-09 05:16:00,file_10,13,9,user_4
317,2024-05-09 05:17:00,file_15,11,7,user_6
318,2024-05-09 05:18:00,file_11,17,9,user_9
319,2024-05-09 05:19:00,file_3,23,5,user_9
320,2024-05-09 05:20:00,file_1,30,10,user_10
321,2024-05-09 05:21:00,file_15,29,8,user_2
322,2024-05-09 05:22:00,file_20,24,9,user_7
323,2024-05-09 05:23:00,file_19,12,6,user_4
324,2024-05-09 05:24:00,file_4,13,8,user_8
325,2024-05-09 05:25:00,file_3,25,5,user_6
326,2024-05-09 05:26:00,file_18,29,10,user_7
327,2024-05-09 05:27:00,file_7,27,10,user_3
328,2024-05-09 05:28:00,file_17,10,6,user_9
329,2024-05-09 05:29:00,file_9,30,7,user_10
330,2024-05-09 05:30:00,file_5,26,5,user_1
331,2024-05-09 05:31:00,file_12,28,8,user_1
332,2024-05-09 05:32:00,file_3,17,7,user_3
333,2024-05-09 05:33:00,file_8,14,7,user_9
334,2024-05-09 05:34:00,file_12,19,5,user_8
335,2024-05-09 05:35:00,file_10,23,8,user_8
336,2024-05-09 05:36:00,file_6,10,5,user_3
337,2024-05-09 05:37:00,file_15,29,6,user_2
338,2024-05-09 05:38:00,file_18,21,6,user_8
339,2024-05-09 05:39:00,file_10,17,10,user_6
340,2024-05-09 05:40:00,file_20,28,9,user_4
341,2024-05-09 05:41:00,file_17,23,10,user_6
342,2024-05-09 05:42:00,file_1,15,7,user_5
343,2024-05-09 05:43:00,file_18,12,10,user_1
344,2024-05-09 05:44:00,file_10,26,9,user_9
345,2024-05-09 05:45:00,file_4,21,10,user_4
346,2024-05-09 05:46:00,file_5,12,8,user_9
347,2024-05-09 05:47:00,file_9,26,6,user_7
348,2024-05-09 05:48:00,file_4,27,9,user_7
349,2024-05-09 05:49:00,file_4,26,6,user_4
350,2024-05-09 05:50:00,file_18,26,6,user_2
351,2024-05-09 05:51:00,file_5,27,6,user_8
352,2024-05-09 05:52:00,file_9,10,5,user_8
353,2024-05-09 05:53:00,file_10,22,9,user_10
354,2024-05-09 05:54:00,file_20,25,7,user_8
355,2024-05-09 05:55:00,file_7,11,9,user_2
356,2024-05-09 05:56:00,file_11,30,7,user_8
357,2024-05-09 05:57:00,file_7,22,9,user_8
358,2024-05-09 05:58:00,file_9,21,9,user_6
359,2024-05-09 05:59:00,file_17,18,6,user_2
360,2024-05-09 06:00:00,file_16,10,7,user_8
361,2024-05-09 06:01:00,file_9,21,10,user_1
362,2024-05-09 06:02:00,file_2,12,7,user_2
363,2024-05-09 06:03:00,file_3,21,7,user_7
364,2024-05-09 06:04:00,file_14,17,9,user_7
365,2024-05-09 06:05:00,file_9,30,7,user_1
366,2024-05-09 06:06:00,file_2,13,9,user_9
367,2024-05-09 06:07:00,file_1,28,10,user_9
368,2024-05-09 06:08:00,file_11,20,5,user_1
369,2024-05-09 06:09:00,file_5,14,6,user_2
370,2024-05-09 06:10:00,file_9,11,8,user_10
371,2024-05-09 06:11:00,file_6,21,5,user_10
372,2024-05-09 06:12:00,file_15,27,7,user_5
373,2024-05-09 06:13:00,file_18,20,10,user_9
374,2024-05-09 06:14:00,file_14,30,6,user_9
375,2024-05-09 06:15:00,file_18,15,10,user_4
376,2024-05-09 06:16:00,file_1,24,6,user_8
377,2024-05-09 06:17:00,file_4,25,6,user_6
378,2024-05-09 06:18:00,file_3,30,6,user_6
379,2024-05-09 06:19:00,file_5,15,10,user_1
380,2024-05-09 06:20:00,file_18,14,7,user_4
381,2024-05-09 06:21:00,file_2,12,6,user_8
382,2024-05-09 06:22:00,file_12,24,10,user_6
383,2024-05-09 06:23:00,file_19,11,8,user_9
384,2024-05-09 06:24:00,file_18,19,8,user_10
385,2024-05-09 06:25:00,file_5,16,6,user_10
386,2024-05-09 06:26:00,file_14,11,9,user_8
387,2024-05-09 06:27:00,file_5,16,10,user_6
388,2024-05-09 06:28:00,file_2,11,7,user_8
389,2024-05-09 06:29:00,file_10,20,10,user_2
390,2024-05-09 06:30:00,file_12,19,8,user_2
391,2024-05-09 06:31:00,file_2,26,8,user_4
392,2024-05-09 06:32:00,file_12,22,8,user_1
393,2024-05-09 06:33:00,file_7,27,5,user_6
394,2024-05-09 06:34:00,file_8,25,10,user_6
395,2024-05-09 06:35:00,file_4,18,5,user_5
396,2024-05-09 06:36:00,file_12,11,8,user_9
397,2024-05-09 06:37:00,file_18,30,9,user_9
398,2024-05-09 06:38:00,file_14,16,10,user_6
399,2024-05-09 06:39:00,file_20,19,7,user_2
400,2024-05-09 06:40:00,file_5,21,10,user_1
401,2024-05-09 06:41:00,file_8,11,7,user_3
402,2024-05-09 06:42:00,file_6,30,8,user_8
403,2024-05-09 06:43:00,file_6,20,8,user_3
404,2024-05-09 06:44:00,file_14,18,7,user_7
405,2024-05-09 06:45:00,file_1,13,9,user_2
406,2024-05-09 06:46:00,file_6,21,5,user_5
407,2024-05-09 06:47:00,file_11,23,10,user_10
408,2024-05-09 06:48:00,file_14,22,5,user_4
409,2024-05-09 06:49:00,file_8,24,10,user_4
410,2024-05-09 06:50:00,file_9,22,8,user_2
411,2024-05-09 06:51:00,file_6,20,10,user_7
412,2024-05-09 06:52:00,file_4,15,10,user_4
413,2024-05-09 06:53:00,file_13,25,10,user_8
414,2024-05-09 06:54:00,file_2,25,7,user_4
415,2024-05-09 06:55:00,file_16,21,5,user_6
416,2024-05-09 06:56:00,file_8,26,9,user_2
417,2024-05-09 06:57:00,file_7,18,8,user_7
418,2024-05-09 06:58:00,file_15,12,6,user_1
419,2024-05-09 06:59:00,file_12,23,8,user_10
420,2024-05-09 07:00:00,file_10,12,6,user_2
421,2024-05-09 07:01:00,file_8,23,8,user_8
422,2024-05-09 07:02:00,file_8,29,7,user_8
423,2024-05-09 07:03:00,file_1,15,7,user_10
424,2024-05-09 07:04:00,file_7,27,7,user_9
425,2024-05-09 07:05:00,file_13,19,7,user_3
426,2024-05-09 07:06:00,file_11,20,9,user_8
427,2024-05-09 07:07:00,file_9,13,9,user_1
428,2024-05-09 07:08:00,file_3,12,6,user_9
429,2024-05-09 07:09:00,file_9,20,9,user_1
430,2024-05-09 07:10:00,file_12,19,8,user_9
431,2024-05-09 07:11:00,file_17,19,7,user_7
432,2024-05-09 07:12:00,file_13,24,10,user_10
433,2024-05-09 07:13:00,file_18,29,5,user_8
434,2024-05-09 07:14:00,file_11,23,5,user_9
435,2024-05-09 07:15:00,file_1,15,5,user_3
436,2024-05-09 07:16:00,file_4,24,10,user_10
437,2024-05-09 07:17:00,file_9,21,8,user_3
438,2024-05-09 07:18:00,file_6,24,5,user_3
439,2024-05-09 07:19:00,file_19,11,5,user_2
440,2024-05-09 07:20:00,file_9,21,6,user_7
441,2024-05-09 07:21:00,file_2,29,8,user_10
442,2024-05-09 07:22:00,file_4,23,8,user_10
443,2024-05-09 07:23:00,file_20,18,5,user_6
444,2024-05-09 07:24:00,file_14,30,8,user_9
445,2024-05-09 07:25:00,file_12,11,6,user_7
446,2024-05-09 07:26:00,file_11,12,10,user_7
447,2024-05-09 07:27:00,file_14,30,6,user_10
448,2024-05-09 07:28:00,file_20,22,10,user_4
449,2024-05-09 07:29:00,file_17,21,7,user_5
450,2024-05-09 07:30:00,file_4,26,6,user_7
451,2024-05-09 07:31:00,file_13,15,7,user_6
452,2024-05-09 07:32:00,file_19,10,5,user_5
453,2024-05-09 07:33:00,file_7,14,10,user_8
454,2024-05-09 07:34:00,file_9,29,7,user_3
455,2024-05-09 07:35:00,file_2,24,7,user_3
456,2024-05-09 07:36:00,file_14,11,5,user_7
457,2024-05-09 07:37:00,file_1,14,7,user_10
458,2024-05-09 07:38:00,file_17,12,10,user_9
459,2024-05-09 07:39:00,file_18,17,10,user_5
460,2024-05-09 07:40:00,file_7,30,6,user_9
461,2024-05-09 07:41:00,file_12,21,5,user_6
462,2024-05-09 07:42:00,file_14,21,8,user_9
463,2024-05-09 07:43:00,file_3,22,10,user_4
464,2024-05-09 07:44:00,file_11,28,7,user_4
465,2024-05-09 07:45:00,file_20,11,10,user_4
466,2024-05-09 07:46:00,file_11,29,10,user_10
467,2024-05-09 07:47:00,file_4,14,6,user_5
468,2024-05-09 07:48:00,file_10,24,8,user_6
469,2024-05-09 07:49:00,file_17,21,10,user_3
470,2024-05-09 07:50:00,file_10,21,5,user_3
471,2024-05-09 07:51:00,file_14,24,10,user_9
472,2024-05-09 07:52:00,file_11,12,5,user_9
473,2024-05-09 07:53:00,file_13,28,5,user_6
474,2024-05-09 07:54:00,file_10,14,6,user_2
475,2024-05-09 07:55:00,file_18,26,8,user_6
476,2024-05-09 07:56:00,file_5,21,5,user_9
477,2024-05-09 07:57:00,file_7,22,6,user_8
478,2024-05-09 07:58:00,file_14,20,9,user_10
479,2024-05-09 07:59:00,file_13,30,6,user_10
480,2024-05-09 08:00:00,file_6,18,9,user_7
481,2024-05-09 08:01:00,file_20,17,10,user_9
482,2024-05-09 08:02:00,file_19,13,8,user_5
483,2024-05-09 08:03:00,file_10,10,5,user_7
484,2024-05-09 08:04:00,file_13,15,5,user_1
485,2024-05-09 08:05:00,file_18,25,10,user_9
486,2024-05-09 08:06:00,file_1,26,7,user_2
487,2024-05-09 08:07:00,file_10,22,5,user_1
488,2024-05-09 08:08:00,file_10,27,8,user_7
489,2024-05-09 08:09:00,file_7,13,10,user_3
490,2024-05-09 08:10:00,file_14,18,6,user_1
491,2024-05-09 08:11:00,file_19,18,8,user_1
492,2024-05-09 08:12:00,file_20,24,5,user_4
493,2024-05-09 08:13:00,file_11,16,6,user_5
494,2024-05-09 08:14:00,file_15,29,8,user_3
495,2024-05-09 08:15:00,file_15,19,5,user_5
496,2024-05-09 08:16:00,file_15,25,10,user_5
497,2024-05-09 08:17:00,file_7,16,5,user_3
498,2024-05-09 08:18:00,file_17,13,5,user_1
499,2024-05-09 08:19:00,file_16,14,7,user_5
500,2024-05-09 08:20:00,file_6,12,7,user_4
501,2024-05-09 08:21:00,file_3,24,7,user_9
502,2024-05-09 08:22:00,file_10,15,6,user_1
503,2024-05-09 08:23:00,file_17,24,8,user_6
504,2024-05-09 08:24:00,file_20,12,6,user_8
505,2024-05-09 08:25:00,file_11,20,10,user_2
506,2024-05-09 08:26:00,file_3,21,10,user_10
507,2024-05-09 08:27:00,file_8,12,6,user_9
508,2024-05-09 08:28:00,file_10,27,5,user_4
509,2024-05-09 08:29:00,file_8,27,9,user_9
510,2024-05-09 08:30:00,file_7,19,9,user_7
511,2024-05-09 08:31:00,file_5,19,5,user_4
512,2024-05-09 08:32:00,file_1,15,9,user_9
513,2024-05-09 08:33:00,file_2,30,10,user_5
514,2024-05-09 08:34:00,file_8,15,6,user_1
515,2024-05-09 08:35:00,file_16,21,8,user_7
516,2024-05-09 08:36:00,file_20,26,7,user_7
517,2024-05-09 08:37:00,file_3,17,10,user_7
518,2024-05-09 08:38:00,file_15,13,6,user_6
519,2024-05-09 08:39:00,file_14,16,10,user_9
520,2024-05-09 08:40:00,file_19,14,10,user_1
521,2024-05-09 08:41:00,file_7,17,6,user_1
522,2024-05-09 08:42:00,file_13,25,8,user_5
523,2024-05-09 08:43:00,file_16,10,9,user_4
524,2024-05-09 08:44:00,file_13,21,10,user_10
525,2024-05-09 08:45:00,file_8,27,8,user_8
526,2024-05-09 08:46:00,file_5,28,6,user_4
527,2024-05-09 08:47:00,file_1,21,5,user_6
528,2024-05-09 08:48:00,file_4,24,5,user_10
529,2024-05-09 08:49:00,file_14,27,6,user_9
530,2024-05-09 08:50:00,file_8,14,5,user_10
531,2024-05-09 08:51:00,file_6,29,9,user_4
532,2024-05-09 08:52:00,file_17,12,10,user_4
533,2024-05-09 08:53:00,file_15,12,8,user_5
534,2024-05-09 08:54:00,file_2,19,7,user_8
535,2024-05-09 08:55:00,file_18,22,8,user_3
536,2024-05-09 08:56:00,file_8,25,7,user_2
537,2024-05-09 08:57:00,file_4,26,6,user_3
538,2024-05-09 08:58:00,file_15,23,6,user_3
539,2024-05-09 08:59:00,file_5,23,7,user_9
540,2024-05-09 09:00:00,file_15,28,10,user_2
541,2024-05-09 09:01:00,file_17,12,5,user_7
542,2024-05-09 09:02:00,file_18,14,6,user_1
543,2024-05-09 09:03:00,file_20,20,9,user_7
544,2024-05-09 09:04:00,file_11,30,9,user_5
545,2024-05-09 09:05:00,file_15,12,9,user_9
546,2024-05-09 09:06:00,file_20,24,10,user_5
547,2024-05-09 09:07:00,file_17,24,9,user_3
548,2024-05-09 09:08:00,file_14,26,7,user_3
549,2024-05-09 09:09:00,file_18,21,10,user_10
550,2024-05-09 09:10:00,file_15,14,5,user_5
551,2024-05-09 09:11:00,file_6,27,10,user_1
552,2024-05-09 09:12:00,file_16,30,7,user_6
553,2024-05-09 09:13:00,file_15,28,6,user_8
554,2024-05-09 09:14:00,file_9,15,9,user_3
555,2024-05-09 09:15:00,file_8,14,9,user_1
556,2024-05-09 09:16:00,file_9,23,9,user_3
557,2024-05-09 09:17:00,file_17,26,6,user_6
558,2024-05-09 09:18:00,file_16,11,10,user_10
559,2024-05-09 09:19:00,file_8,13,8,user_1
560,2024-05-09 09:20:00,file_9,26,7,user_10
561,2024-05-09 09:21:00,file_15,14,10,user_5
562,2024-05-09 09:22:00,file_3,19,5,user_8
563,2024-05-09 09:23:00,file_10,15,6,user_10
564,2024-05-09 09:24:00,file_8,15,8,user_9
565,2024-05-09 09:25:00,file_9,20,8,user_6
566,2024-05-09 09:26:00,file_11,17,5,user_2
567,2024-05-09 09:27:00,file_11,21,6,user_6
568,2024-05-09 09:28:00,file_18,26,8,user_9
569,2024-05-09 09:29:00,file_3,19,10,user_4
570,2024-05-09 09:30:00,file_5,12,9,user_3
571,2024-05-09 09:31:00,file_5,18,5,user_9
572,2024-05-09 09:32:00,file_8,16,9,user_2
573,2024-05-09 09:33:00,file_13,30,5,user_9
574,2024-05-09 09:34:00,file_5,27,7,user_3
575,2024-05-09 09:35:00,file_7,18,7,user_7
576,2024-05-09 09:36:00,file_3,14,6,user_9
577,2024-05-09 09:37:00,file_14,30,8,user_9
578,2024-05-09 09:38:00,file_14,19,9,user_7
579,2024-05-09 09:39:00,file_11,29,8,user_2
580,2024-05-09 09:40:00,file_18,27,7,user_6
581,2024-05-09 09:41:00,file_15,12,9,user_4
582,2024-05-09 09:42:00,file_14,26,10,user_4
583,2024-05-09 09:43:00,file_2,30,6,user_6
584,2024-05-09 09:44:00,file_7,15,8,user_6
585,2024-05-09 09:45:00,file_14,28,5,user_6
586,2024-05-09 09:46:00,file_13,28,5,user_5
587,2024-05-09 09:47:00,file_19,14,9,user_4
588,2024-05-09 09:48:00,file_1,15,5,user_10
589,2024-05-09 09:49:00,file_19,29,5,user_9
590,2024-05-09 09:50:00,file_13,29,7,user_8
591,2024-05-09 09:51:00,file_16,20,6,user_9
592,2024-05-09 09:52:00,file_1,28,5,user_1
593,2024-05-09 09:53:00,file_12,11,5,user_2
594,2024-05-09 09:54:00,file_10,10,8,user_6
595,2024-05-09 09:55:00,file_13,12,9,user_8
596,2024-05-09 09:56:00,file_14,11,7,user_4
597,2024-05-09 09:57:00,file_18,30,10,user_10
598,2024-05-09 09:58:00,file_18,28,10,user_10
599,2024-05-09 09:59:00,file_20,18,9,user_4
600,2024-05-09 10:00:00,file_8,30,8,user_1
601,2024-05-09 10:01:00,file_16,16,8,user_6
602,2024-05-09 10:02:00,file_8,28,10,user_7
603,2024-05-09 10:03:00,file_9,23,8,user_2
604,2024-05-09 10:04:00,file_14,29,5,user_7
605,2024-05-09 10:05:00,file_16,30,10,user_5
606,2024-05-09 10:06:00,file_1,10,9,user_9
607,2024-05-09 10:07:00,file_13,25,9,user_5
608,2024-05-09 10:08:00,file_11,30,9,user_1
609,2024-05-09 10:09:00,file_13,27,6,user_9
610,2024-05-09 10:10:00,file_6,19,7,user_6
611,2024-05-09 10:11:00,file_15,30,5,user_9
612,2024-05-09 10:12:00,file_5,19,7,user_9
613,2024-05-09 10:13:00,file_20,25,5,user_8
614,2024-05-09 10:14:00,file_18,17,9,user_8
615,2024-05-09 10:15:00,file_1,22,6,user_1
616,2024-05-09 10:16:00,file_13,19,6,user_5
617,2024-05-09 10:17:00,file_19,24,9,user_4
618,2024-05-09 10:18:00,file_19,12,7,user_6
619,2024-05-09 10:19:00,file_1,11,8,user_9
620,2024-05-09 10:20:00,file_3,15,9,user_2
621,2024-05-09 10:21:00,file_14,24,10,user_2
622,2024-05-09 10:22:00,file_5,23,10,user_3
623,2024-05-09 10:23:00,file_15,25,10,user_9
624,2024-05-09 10:24:00,file_6,24,10,user_9
625,2024-05-09 10:25:00,file_2,16,5,user_1
626,2024-05-09 10:26:00,file_9,20,7,user_2
627,2024-05-09 10:27:00,file_13,29,10,user_4
628,2024-05-09 10:28:00,file_11,14,8,user_4
629,2024-05-09 10:29:00,file_7,20,10,user_7
630,2024-05-09 10:30:00,file_15,20,6,user_2
631,2024-05-09 10:31:00,file_11,21,5,user_4
632,2024-05-09 10:32:00,file_11,22,6,user_9
633,2024-05-09 10:33:00,file_13,14,5,user_7
634,2024-05-09 10:34:00,file_9,21,8,user_2
635,2024-05-09 10:35:00,file_14,26,5,user_3
636,2024-05-09 10:36:00,file_9,27,8,user_1
637,2024-05-09 10:37:00,file_3,13,9,user_8
638,2024-05-09 10:38:00,file_16,20,9,user_6
639,2024-05-09 10:39:00,file_1,17,5,user_1
640,2024-05-09 10:40:00,file_18,24,7,user_2
641,2024-05-09 10:41:00,file_2,13,10,user_2
642,2024-05-09 10:42:00,file_12,18,10,user_1
643,2024-05-09 10:43:00,file_8,24,10,user_3
644,2024-05-09 10:44:00,file_3,17,10,user_5
645,2024-05-09 10:45:00,file_2,14,6,user_9
646,2024-05-09 10:46:00,file_1,13,5,user_2
647,2024-05-09 10:47:00,file_8,11,5,user_10
648,2024-05-09 10:48:00,file_7,19,10,user_4
649,2024-05-09 10:49:00,file_1,22,6,user_5
650,2024-05-09 10:50:00,file_20,29,10,user_7
651,2024-05-09 10:51:00,file_5,23,5,user_7
652,2024-05-09 10:52:00,file_8,17,6,user_8
653,2024-05-09 10:53:00,file_5,15,8,user_7
654,2024-05-09 10:54:00,file_16,20,7,user_7
655,2024-05-09 10:55:00,file_4,28,9,user_6
656,2024-05-09 10:56:00,file_19,20,9,user_1
657,2024-05-09 10:57:00,file_7,16,10,user_7
658,2024-05-09 10:58:00,file_15,15,7,user_2
659,2024-05-09 10:59:00,file_9,25,6,user_9
660,2024-05-09 11:00:00,file_12,26,7,user_1
661,2024-05-09 11:01:00,file_6,24,6,user_10
662,2024-05-09 11:02:00,file_20,25,10,user_2
663,2024-05-09 11:03:00,file_20,19,7,user_10
664,2024-05-09 11:04:00,file_4,25,10,user_1
665,2024-05-09 11:05:00,file_6,10,5,user_2
666,2024-05-09 11:06:00,file_10,12,5,user_6
667,2024-05-09 11:07:00,file_4,22,7,user_9
668,2024-05-09 11:08:00,file_19,26,8,user_2
669,2024-05-09 11:09:00,file_1,24,7,user_5
670,2024-05-09 11:10:00,file_10,17,9,user_5
671,2024-05-09 11:11:00,file_19,16,5,user_10
672,2024-05-09 11:12:00,file_13,28,7,user_2
673,2024-05-09 11:13:00,file_13,21,10,user_5
674,2024-05-09 11:14:00,file_7,11,9,user_8
675,2024-05-09 11:15:00,file_3,11,10,user_7
676,2024-05-09 11:16:00,file_19,19,5,user_7
677,2024-05-09 11:17:00,file_8,25,8,user_1
678,2024-05-09 11:18:00,file_4,29,8,user_8
679,2024-05-09 11:19:00,file_10,30,9,user_3
680,2024-05-09 11:20:00,file_20,25,7,user_9
681,2024-05-09 11:21:00,file_4,19,5,user_4
682,2024-05-09 11:22:00,file_19,27,8,user_3
683,2024-05-09 11:23:00,file_2,10,9,user_7
684,2024-05-09 11:24:00,file_12,13,6,user_9
685,2024-05-09 11:25:00,file_18,23,7,user_5
686,2024-05-09 11:26:00,file_14,14,6,user_3
687,2024-05-09 11:27:00,file_12,18,7,user_5
688,2024-05-09 11:28:00,file_3,21,5,user_6
689,2024-05-09 11:29:00,file_17,22,9,user_1
690,2024-05-09 11:30:00,file_11,21,10,user_9
691,2024-05-09 11:31:00,file_1,11,10,user_9
692,2024-05-09 11:32:00,file_14,22,5,user_3
693,2024-05-09 11:33:00,file_16,11,6,user_2
694,2024-05-09 11:34:00,file_4,28,10,user_1
695,2024-05-09 11:35:00,file_14,27,9,user_1
696,2024-05-09 11:36:00,file_12,16,5,user_10
697,2024-05-09 11:37:00,file_15,21,5,user_10
698,2024-05-09 11:38:00,file_5,27,5,user_7
699,2024-05-09 11:39:00,file_14,19,6,user_9
700,2024-05-09 11:40:00,file_6,12,5,user_9
701,2024-05-09 11:41:00,file_17,22,8,user_2
702,2024-05-09 11:42:00,file_9,26,7,user_5
703,2024-05-09 11:43:00,file_20,24,8,user_4
704,2024-05-09 11:44:00,file_18,27,6,user_6
705,2024-05-09 11:45:00,file_16,18,6,user_4
706,2024-05-09 11:46:00,file_15,29,5,user_7
707,2024-05-09 11:47:00,file_14,29,9,user_9
708,2024-05-09 11:48:00,file_19,13,10,user_3
709,2024-05-09 11:49:00,file_9,14,10,user_3
710,2024-05-09 11:50:00,file_11,13,10,user_3
711,2024-05-09 11:51:00,file_8,22,8,user_4
712,2024-05-09 11:52:00,file_3,21,6,user_10
713,2024-05-09 11:53:00,file_9,20,7,user_5
714,2024-05-09 11:54:00,file_15,27,6,user_4
715,2024-05-09 11:55:00,file_8,21,8,user_2
716,2024-05-09 11:56:00,file_15,14,10,user_3
717,2024-05-09 11:57:00,file_19,16,7,user_10
718,2024-05-09 11:58:00,file_20,29,7,user_1
719,2024-05-09 11:59:00,file_13,26,5,user_9
720,2024-05-09 12:00:00,file_11,22,9,user_8
721,2024-05-09 12:01:00,file_1,26,7,user_9
722,2024-05-09 12:02:00,file_16,11,5,user_2
723,2024-05-09 12:03:00,file_11,11,9,user_5
724,2024-05-09 12:04:00,file_6,11,10,user_2
725,2024-05-09 12:05:00,file_16,14,5,user_5
726,2024-05-09 12:06:00,file_7,20,6,user_2
727,2024-05-09 12:07:00,file_12,25,6,user_4
728,2024-05-09 12:08:00,file_9,26,9,user_10
729,2024-05-09 12:09:00,file_11,24,5,user_8
730,2024-05-09 12:10:00,file_9,14,8,user_6
731,2024-05-09 12:11:00,file_20,29,5,user_6
732,2024-05-09 12:12:00,file_9,26,8,user_3
733,2024-05-09 12:13:00,file_18,14,7,user_4
734,2024-05-09 12:14:00,file_1,20,7,user_2
735,2024-05-09 12:15:00,file_17,29,7,user_5
736,2024-05-09 12:16:00,file_7,20,5,user_10
737,2024-05-09 12:17:00,file_3,15,9,user_2
738,2024-05-09 12:18:00,file_8,22,8,user_4
739,2024-05-09 12:19:00,file_14,29,5,user_6
740,2024-05-09 12:20:00,file_16,19,7,user_8
741,2024-05-09 12:21:00,file_18,28,6,user_8
742,2024-05-09 12:22:00,file_8,20,7,user_6
743,2024-05-09 12:23:00,file_16,26,9,user_10
744,2024-05-09 12:24:00,file_16,26,7,user_5
745,2024-05-09 12:25:00,file_15,27,10,user_10
746,2024-05-09 12:26:00,file_1,25,9,user_3
747,2024-05-09 12:27:00,file_3,28,6,user_10
748,2024-05-09 12:28:00,file_10,19,8,user_10
749,2024-05-09 12:29:00,file_8,25,7,user_6
750,2024-05-09 12:30:00,file_13,10,9,user_6
751,2024-05-09 12:31:00,file_8,21,8,user_7
752,2024-05-09 12:32:00,file_10,20,6,user_3
753,2024-05-09 12:33:00,file_19,13,10,user_1
754,2024-05-09 12:34:00,file_12,23,9,user_6
755,2024-05-09 12:35:00,file_16,28,6,user_4
756,2024-05-09 12:36:00,file_18,19,6,user_4
757,2024-05-09 12:37:00,file_17,30,5,user_7
758,2024-05-09 12:38:00,file_12,10,8,user_5
759,2024-05-09 12:39:00,file_14,29,5,user_6
760,2024-05-09 12:40:00,file_18,25,6,user_3
761,2024-05-09 12:41:00,file_11,18,9,user_6
762,2024-05-09 12:42:00,file_12,30,7,user_8
763,2024-05-09 12:43:00,file_15,28,10,user_8
764,2024-05-09 12:44:00,file_9,28,10,user_8
765,2024-05-09 12:45:00,file_10,17,5,user_6
766,2024-05-09 12:46:00,file_9,11,7,user_5
767,2024-05-09 12:47:00,file_8,28,5,user_8
768,2024-05-09 12:48:00,file_4,25,10,user_9
769,2024-05-09 12:49:00,file_7,15,8,user_2
770,2024-05-09 12:50:00,file_11,26,10,user_3
771,2024-05-09 12:51:00,file_4,30,10,user_10
772,2024-05-09 12:52:00,file_18,29,7,user_2
773,2024-05-09 12:53:00,file_6,22,5,user_5
774,2024-05-09 12:54:00,file_7,14,6,user_3
775,2024-05-09 12:55:00,file_7,17,9,user_9
776,2024-05-09 12:56:00,file_16,11,6,user_4
777,2024-05-09 12:57:00,file_9,28,8,user_5
778,2024-05-09 12:58:00,file_19,13,8,user_2
779,2024-05-09 12:59:00,file_17,16,5,user_2
780,2024-05-09 13:00:00,file_20,10,6,user_1
781,2024-05-09 13:01:00,file_10,24,10,user_9
782,2024-05-09 13:02:00,file_4,20,7,user_1
783,2024-05-09 13:03:00,file_7,23,5,user_10
784,2024-05-09 13:04:00,file_10,14,5,user_10
785,2024-05-09 13:05:00,file_8,23,6,user_7
786,2024-05-09 13:06:00,file_12,16,9,user_10
787,2024-05-09 13:07:00,file_6,23,8,user_4
788,2024-05-09 13:08:00,file_10,26,10,user_1
789,2024-05-09 13:09:00,file_1,29,7,user_9
790,2024-05-09 13:10:00,file_18,25,8,user_5
791,2024-05-09 13:11:00,file_5,11,10,user_9
792,2024-05-09 13:12:00,file_9,14,5,user_9
793,2024-05-09 13:13:00,file_2,26,9,user_8
794,2024-05-09 13:14:00,file_2,16,5,user_3
795,2024-05-09 13:15:00,file_18,27,9,user_6
796,2024-05-09 13:16:00,file_10,20,6,user_7
797,2024-05-09 13:17:00,file_5,25,10,user_4
798,2024-05-09 13:18:00,file_16,26,8,user_10
799,2024-05-09 13:19:00,file_4,22,5,user_5
800,2024-05-09 13:20:00,file_1,20,9,user_3
801,2024-05-09 13:21:00,file_19,15,9,user_8
802,2024-05-09 13:22:00,file_10,24,5,user_9
803,2024-05-09 13:23:00,file_16,27,8,user_9
804,2024-05-09 13:24:00,file_16,20,10,user_2
805,2024-05-09 13:25:00,file_15,27,6,user_7
806,2024-05-09 13:26:00,file_11,21,6,user_6
807,2024-05-09 13:27:00,file_6,30,7,user_9
808,2024-05-09 13:28:00,file_2,18,7,user_1
809,2024-05-09 13:29:00,file_9,29,7,user_4
810,2024-05-09 13:30:00,file_16,25,8,user_10
811,2024-05-09 13:31:00,file_4,16,10,user_3
812,2024-05-09 13:32:00,file_3,17,10,user_9
813,2024-05-09 13:33:00,file_13,18,7,user_3
814,2024-05-09 13:34:00,file_16,27,7,user_8
815,2024-05-09 13:35:00,file_3,19,8,user_3
816,2024-05-09 13:36:00,file_19,17,7,user_3
817,2024-05-09 13:37:00,file_2,19,6,user_10
818,2024-05-09 13:38:00,file_5,19,5,user_10
819,2024-05-09 13:39:00,file_5,16,6,user_3
820,2024-05-09 13:40:00,file_19,25,6,user_8
821,2024-05-09 13:41:00,file_10,20,9,user_6
822,2024-05-09 13:42:00,file_3,25,5,user_1
823,2024-05-09 13:43:00,file_8,21,6,user_4
824,2024-05-09 13:44:00,file_4,27,5,user_8
825,2024-05-09 13:45:00,file_18,18,6,user_4
826,2024-05-09 13:46:00,file_14,19,8,user_2
827,2024-05-09 13:47:00,file_20,13,8,user_5
828,2024-05-09 13:48:00,file_20,28,7,user_6
829,2024-05-09 13:49:00,file_20,27,8,user_4
830,2024-05-09 13:50:00,file_8,22,5,user_1
831,2024-05-09 13:51:00,file_17,22,9,user_4
832,2024-05-09 13:52:00,file_13,21,7,user_9
833,2024-05-09 13:53:00,file_15,14,6,user_6
834,2024-05-09 13:54:00,file_15,19,8,user_7
835,2024-05-09 13:55:00,file_10,11,7,user_8
836,2024-05-09 13:56:00,file_19,19,8,user_8
837,2024-05-09 13:57:00,file_14,12,7,user_1
838,2024-05-09 13:58:00,file_10,21,5,user_1
839,2024-05-09 13:59:00,file_19,24,5,user_6
840,2024-05-09 14:00:00,file_20,30,6,user_2
841,2024-05-09 14:01:00,file_2,18,10,user_9
842,2024-05-09 14:02:00,file_20,25,7,user_5
843,2024-05-09 14:03:00,file_4,16,10,user_5
844,2024-05-09 14:04:00,file_7,16,10,user_10
845,2024-05-09 14:05:00,file_7,27,9,user_9
846,2024-05-09 14:06:00,file_9,18,5,user_10
847,2024-05-09 14:07:00,file_3,27,6,user_3
848,2024-05-09 14:08:00,file_6,18,7,user_7
849,2024-05-09 14:09:00,file_8,14,6,user_7
850,2024-05-09 14:10:00,file_6,13,5,user_6
851,2024-05-09 14:11:00,file_18,29,10,user_10
852,2024-05-09 14:12:00,file_3,28,6,user_2
853,2024-05-09 14:13:00,file_6,17,7,user_9
854,2024-05-09 14:14:00,file_1,17,8,user_5
855,2024-05-09 14:15:00,file_14,11,9,user_7
856,2024-05-09 14:16:00,file_15,26,5,user_4
857,2024-05-09 14:17:00,file_20,17,10,user_9
858,2024-05-09 14:18:00,file_16,30,7,user_7
859,2024-05-09 14:19:00,file_10,17,7,user_6
860,2024-05-09 14:20:00,file_2,11,6,user_6
861,2024-05-09 14:21:00,file_8,13,5,user_8
862,2024-05-09 14:22:00,file_10,23,8,user_8
863,2024-05-09 14:23:00,file_10,20,8,user_10
864,2024-05-09 14:24:00,file_15,25,9,user_1
865,2024-05-09 14:25:00,file_3,13,10,user_9
866,2024-05-09 14:26:00,file_8,14,9,user_3
867,2024-05-09 14:27:00,file_9,10,6,user_8
868,2024-05-09 14:28:00,file_19,27,5,user_3
869,2024-05-09 14:29:00,file_7,15,8,user_4
870,2024-05-09 14:30:00,file_14,23,5,user_2
871,2024-05-09 14:31:00,file_4,30,6,user_9
872,2024-05-09 14:32:00,file_18,25,5,user_5
873,2024-05-09 14:33:00,file_8,25,5,user_4
874,2024-05-09 14:34:00,file_5,30,5,user_3
875,2024-05-09 14:35:00,file_9,16,6,user_3
876,2024-05-09 14:36:00,file_5,19,6,user_3
877,2024-05-09 14:37:00,file_3,20,6,user_6
878,2024-05-09 14:38:00,file_2,19,8,user_10
879,2024-05-09 14:39:00,file_6,30,7,user_2
880,2024-05-09 14:40:00,file_10,11,10,user_4
881,2024-05-09 14:41:00,file_20,12,10,user_7
882,2024-05-09 14:42:00,file_19,30,10,user_6
883,2024-05-09 14:43:00,file_10,28,5,user_2
884,2024-05-09 14:44:00,file_15,17,9,user_8
885,2024-05-09 14:45:00,file_4,27,9,user_8
886,2024-05-09 14:46:00,file_15,11,7,user_8
887,2024-05-09 14:47:00,file_10,15,5,user_4
888,2024-05-09 14:48:00,file_13,23,5,user_10
889,2024-05-09 14:49:00,file_9,15,5,user_3
890,2024-05-09 14:50:00,file_17,11,6,user_7
891,2024-05-09 14:51:00,file_18,22,10,user_1
892,2024-05-09 14:52:00,file_16,25,8,user_4
893,2024-05-09 14:53:00,file_15,15,6,user_1
894,2024-05-09 14:54:00,file_3,19,5,user_3
895,2024-05-09 14:55:00,file_20,11,7,user_10
896,2024-05-09 14:56:00,file_2,10,5,user_10
897,2024-05-09 14:57:00,file_14,19,5,user_3
898,2024-05-09 14:58:00,file_11,28,8,user_3
899,2024-05-09 14:59:00,file_20,29,5,user_9
900,2024-05-09 15:00:00,file_9,13,6,user_1
901,2024-05-09 15:01:00,file_1,20,9,user_10
902,2024-05-09 15:02:00,file_3,19,8,user_3
903,2024-05-09 15:03:00,file_8,24,10,user_1
904,2024-05-09 15:04:00,file_19,30,8,user_3
905,2024-05-09 15:05:00,file_19,27,8,user_5
906,2024-05-09 15:06:00,file_1,26,5,user_3
907,2024-05-09 15:07:00,file_9,25,8,user_9
908,2024-05-09 15:08:00,file_19,14,10,user_7
909,2024-05-09 15:09:00,file_2,26,8,user_10
910,2024-05-09 15:10:00,file_6,24,6,user_10
911,2024-05-09 15:11:00,file_16,18,7,user_1
912,2024-05-09 15:12:00,file_17,16,6,user_5
913,2024-05-09 15:13:00,file_15,13,6,user_2
914,2024-05-09 15:14:00,file_9,20,7,user_4
915,2024-05-09 15:15:00,file_6,15,7,user_8
916,2024-05-09 15:16:00,file_19,24,8,user_10
917,2024-05-09 15:17:00,file_14,30,6,user_8
918,2024-05-09 15:18:00,file_16,18,5,user_8
919,2024-05-09 15:19:00,file_3,15,9,user_3
920,2024-05-09 15:20:00,file_16,10,9,user_4
921,2024-05-09 15:21:00,file_12,20,9,user_7
922,2024-05-09 15:22:00,file_14,19,6,user_10
923,2024-05-09 15:23:00,file_11,28,10,user_3
924,2024-05-09 15:24:00,file_11,16,7,user_10
925,2024-05-09 15:25:00,file_4,15,8,user_3
926,2024-05-09 15:26:00,file_6,29,8,user_10
927,2024-05-09 15:27:00,file_11,30,9,user_9
928,2024-05-09 15:28:00,file_14,22,8,user_5
929,2024-05-09 15:29:00,file_16,23,5,user_3
930,2024-05-09 15:30:00,file_10,26,5,user_6
931,2024-05-09 15:31:00,file_13,20,7,user_8
932,2024-05-09 15:32:00,file_18,12,8,user_10
933,2024-05-09 15:33:00,file_2,22,6,user_10
934,2024-05-09 15:34:00,file_15,13,8,user_2
935,2024-05-09 15:35:00,file_3,15,6,user_4
936,2024-05-09 15:36:00,file_11,14,10,user_7
937,2024-05-09 15:37:00,file_9,25,9,user_7
938,2024-05-09 15:38:00,file_11,20,6,user_3
939,2024-05-09 15:39:00,file_4,17,10,user_2
940,2024-05-09 15:40:00,file_13,10,9,user_1
941,2024-05-09 15:41:00,file_17,18,5,user_4
942,2024-05-09 15:42:00,file_1,22,8,user_9
943,2024-05-09 15:43:00,file_18,17,10,user_9
944,2024-05-09 15:44:00,file_15,24,7,user_7
945,2024-05-09 15:45:00,file_14,18,8,user_3
946,2024-05-09 15:46:00,file_2,20,9,user_10
947,2024-05-09 15:47:00,file_7,19,8,user_2
948,2024-05-09 15:48:00,file_17,28,7,user_3
949,2024-05-09 15:49:00,file_12,28,9,user_8
950,2024-05-09 15:50:00,file_20,10,9,user_10
951,2024-05-09 15:51:00,file_16,18,7,user_10
952,2024-05-09 15:52:00,file_15,30,8,user_1
953,2024-05-09 15:53:00,file_2,21,7,user_9
954,2024-05-09 15:54:00,file_7,17,6,user_9
955,2024-05-09 15:55:00,file_9,11,5,user_2
956,2024-05-09 15:56:00,file_18,13,7,user_2
957,2024-05-09 15:57:00,file_5,24,9,user_8
958,2024-05-09 15:58:00,file_10,19,6,user_3
959,2024-05-09 15:59:00,file_15,15,5,user_10
960,2024-05-09 16:00:00,file_16,22,7,user_9
961,2024-05-09 16:01:00,file_4,26,5,user_1
962,2024-05-09 16:02:00,file_1,19,8,user_7
963,2024-05-09 16:03:00,file_20,13,9,user_9
964,2024-05-09 16:04:00,file_8,30,7,user_7
965,2024-05-09 16:05:00,file_6,19,9,user_6
966,2024-05-09 16:06:00,file_10,21,6,user_1
967,2024-05-09 16:07:00,file_18,29,6,user_9
968,2024-05-09 16:08:00,file_1,17,5,user_7
969,2024-05-09 16:09:00,file_18,17,6,user_4
970,2024-05-09 16:10:00,file_14,14,10,user_8
971,2024-05-09 16:11:00,file_3,25,6,user_7
972,2024-05-09 16:12:00,file_8,14,7,user_6
973,2024-05-09 16:13:00,file_4,24,9,user_10
974,2024-05-09 16:14:00,file_15,29,10,user_10
975,2024-05-09 16:15:00,file_4,21,5,user_2
976,2024-05-09 16:16:00,file_5,23,6,user_7
977,2024-05-09 16:17:00,file_16,27,9,user_3
978,2024-05-09 16:18:00,file_10,25,8,user_5
979,2024-05-09 16:19:00,file_17,27,7,user_8
980,2024-05-09 16:20:00,file_9,16,6,user_4
981,2024-05-09 16:21:00,file_14,17,6,user_2
982,2024-05-09 16:22:00,file_16,29,6,user_5
983,2024-05-09 16:23:00,file_16,12,9,user_10
984,2024-05-09 16:24:00,file_8,26,7,user_9
985,2024-05-09 16:25:00,file_15,24,10,user_7
986,2024-05-09 16:26:00,file_18,26,10,user_5
987,2024-05-09 16:27:00,file_5,21,7,user_4
988,2024-05-09 16:28:00,file_13,12,9,user_1
989,2024-05-09 16:29:00,file_7,28,5,user_1
990,2024-05-09 16:30:00,file_20,13,10,user_10
991,2024-05-09 16:31:00,file_17,11,10,user_9
992,2024-05-09 16:32:00,file_5,27,7,user_2
993,2024-05-09 16:33:00,file_3,26,9,user_9
994,2024-05-09 16:34:00,file_9,16,9,user_1
995,2024-05-09 16:35:00,file_14,28,6,user_7
996,2024-05-09 16:36:00,file_11,27,9,user_4
997,2024-05-09 16:37:00,file_17,14,6,user_6
998,2024-05-09 16:38:00,file_9,15,8,user_7
999,2024-05-09 16:39:00,file_1,20,9,user_6
1000,2024-05-09 16:40:00,file_10,26,7,user_2
1001,2024-05-09 16:41:00,file_10,24,6,user_3
1002,2024-05-09 16:42:00,file_19,13,8,user_7
1003,2024-05-09 16:43:00,file_19,16,5,user_10
1004,2024-05-09 16:44:00,file_16,28,5,user_5
1005,2024-05-09 16:45:00,file_5,25,5,user_5
1006,2024-05-09 16:46:00,file_15,12,6,user_9
1007,2024-05-09 16:47:00,file_18,26,9,user_7
1008,2024-05-09 16:48:00,file_16,24,6,user_10
1009,2024-05-09 16:49:00,file_12,11,5,user_6
1010,2024-05-09 16:50:00,file_11,24,9,user_10
1011,2024-05-09 16:51:00,file_18,14,8,user_5
1012,2024-05-09 16:52:00,file_18,26,5,user_7
1013,2024-05-09 16:53:00,file_13,23,7,user_4
1014,2024-05-09 16:54:00,file_15,24,9,user_7
1015,2024-05-09 16:55:00,file_11,28,6,user_9
1016,2024-05-09 16:56:00,file_7,11,6,user_9
1017,2024-05-09 16:57:00,file_8,27,7,user_8
1018,2024-05-09 16:58:00,file_19,24,10,user_3
1019,2024-05-09 16:59:00,file_13,19,6,user_6
1020,2024-05-09 17:00:00,file_8,10,7,user_9
1021,2024-05-09 17:01:00,file_14,22,5,user_9
1022,2024-05-09 17:02:00,file_2,18,5,user_8
1023,2024-05-09 17:03:00,file_11,10,6,user_5
1024,2024-05-09 17:04:00,file_16,16,9,user_5
1025,2024-05-09 17:05:00,file_13,28,10,user_10
1026,2024-05-09 17:06:00,file_13,12,6,user_6
1027,2024-05-09 17:07:00,file_5,11,5,user_7
1028,2024-05-09 17:08:00,file_16,23,9,user_3
1029,2024-05-09 17:09:00,file_2,21,7,user_2
1030,2024-05-09 17:10:00,file_5,12,5,user_4
1031,2024-05-09 17:11:00,file_17,27,7,user_8
1032,2024-05-09 17:12:00,file_19,11,10,user_3
1033,2024-05-09 17:13:00,file_11,12,10,user_2
1034,2024-05-09 17:14:00,file_4,25,8,user_4
1035,2024-05-09 17:15:00,file_15,11,9,user_9
1036,2024-05-09 17:16:00,file_4,19,5,user_7
1037,2024-05-09 17:17:00,file_17,23,7,user_6
1038,2024-05-09 17:18:00,file_15,15,7,user_9
1039,2024-05-09 17:19:00,file_1,14,7,user_10
1040,2024-05-09 17:20:00,file_5,30,6,user_1
1041,2024-05-09 17:21:00,file_14,30,6,user_3
1042,2024-05-09 17:22:00,file_5,23,10,user_7
1043,2024-05-09 17:23:00,file_3,21,8,user_1
1044,2024-05-09 17:24:00,file_16,22,10,user_2
1045,2024-05-09 17:25:00,file_9,24,8,user_3
1046,2024-05-09 17:26:00,file_11,22,10,user_8
1047,2024-05-09 17:27:00,file_20,22,7,user_10
1048,2024-05-09 17:28:00,file_13,12,6,user_7
1049,2024-05-09 17:29:00,file_3,27,10,user_2
1050,2024-05-09 17:30:00,file_11,14,9,user_2
1051,2024-05-09 17:31:00,file_18,30,10,user_5
1052,2024-05-09 17:32:00,file_13,21,9,user_4
1053,2024-05-09 17:33:00,file_11,13,7,user_6
1054,2024-05-09 17:34:00,file_16,15,6,user_2
1055,2024-05-09 17:35:00,file_18,27,10,user_10
1056,2024-05-09 17:36:00,file_2,22,9,user_1
1057,2024-05-09 17:37:00,file_20,26,6,user_7
1058,2024-05-09 17:38:00,file_3,14,8,user_7
1059,2024-05-09 17:39:00,file_8,17,7,user_10
1060,2024-05-09 17:40:00,file_10,10,10,user_9
1061,2024-05-09 17:41:00,file_8,10,10,user_5
1062,2024-05-09 17:42:00,file_3,19,7,user_10
1063,2024-05-09 17:43:00,file_14,24,6,user_1
1064,2024-05-09 17:44:00,file_4,27,6,user_3
1065,2024-05-09 17:45:00,file_4,23,10,user_8
1066,2024-05-09 17:46:00,file_15,27,5,user_8
1067,2024-05-09 17:47:00,file_6,22,10,user_1
1068,2024-05-09 17:48:00,file_10,17,9,user_4
1069,2024-05-09 17:49:00,file_1,17,8,user_9
1070,2024-05-09 17:50:00,file_2,24,9,user_5
1071,2024-05-09 17:51:00,file_11,21,5,user_4
1072,2024-05-09 17:52:00,file_2,14,6,user_1
1073,2024-05-09 17:53:00,file_10,18,9,user_10
1074,2024-05-09 17:54:00,file_12,16,7,user_9
1075,2024-05-09 17:55:00,file_12,13,9,user_9
1076,2024-05-09 17:56:00,file_14,11,6,user_4
1077,2024-05-09 17:57:00,file_5,23,10,user_10
1078,2024-05-09 17:58:00,file_8,29,9,user_3
1079,2024-05-09 17:59:00,file_17,10,5,user_1
1080,2024-05-09 18:00:00,file_14,17,8,user_6
1081,2024-05-09 18:01:00,file_19,16,6,user_4
1082,2024-05-09 18:02:00,file_6,12,7,user_1
1083,2024-05-09 18:03:00,file_6,13,10,user_3
1084,2024-05-09 18:04:00,file_6,29,5,user_2
1085,2024-05-09 18:05:00,file_3,11,6,user_5
1086,2024-05-09 18:06:00,file_20,24,7,user_7
1087,2024-05-09 18:07:00,file_13,29,7,user_6
1088,2024-05-09 18:08:00,file_20,11,6,user_7
1089,2024-05-09 18:09:00,file_8,17,10,user_7
1090,2024-05-09 18:10:00,file_16,11,5,user_10
1091,2024-05-09 18:11:00,file_19,22,10,user_4
1092,2024-05-09 18:12:00,file_5,24,10,user_9
1093,2024-05-09 18:13:00,file_8,17,10,user_1
1094,2024-05-09 18:14:00,file_15,27,10,user_2
1095,2024-05-09 18:15:00,file_9,16,7,user_2
1096,2024-05-09 18:16:00,file_15,11,8,user_9
1097,2024-05-09 18:17:00,file_9,14,5,user_5
1098,2024-05-09 18:18:00,file_1,26,7,user_9
1099,2024-05-09 18:19:00,file_15,19,6,user_10
1100,2024-05-09 18:20:00,file_10,17,6,user_6
1101,2024-05-09 18:21:00,file_18,28,10,user_6
1102,2024-05-09 18:22:00,file_6,20,5,user_5
1103,2024-05-09 18:23:00,file_3,28,7,user_4
1104,2024-05-09 18:24:00,file_15,29,7,user_10
1105,2024-05-09 18:25:00,file_12,20,5,user_4
1106,2024-05-09 18:26:00,file_19,17,10,user_8
1107,2024-05-09 18:27:00,file_10,19,5,user_7
1108,2024-05-09 18:28:00,file_14,14,5,user_10
1109,2024-05-09 18:29:00,file_9,26,8,user_1
1110,2024-05-09 18:30:00,file_15,17,8,user_5
1111,2024-05-09 18:31:00,file_10,23,10,user_3
1112,2024-05-09 18:32:00,file_7,19,8,user_7
1113,2024-05-09 18:33:00,file_13,18,6,user_9
1114,2024-05-09 18:34:00,file_16,11,8,user_2
1115,2024-05-09 18:35:00,file_4,27,8,user_9
1116,2024-05-09 18:36:00,file_8,28,8,user_2
1117,2024-05-09 18:37:00,file_13,15,7,user_9
1118,2024-05-09 18:38:00,file_19,30,9,user_5
1119,2024-05-09 18:39:00,file_12,23,8,user_6
1120,2024-05-09 18:40:00,file_19,27,5,user_2
1121,2024-05-09 18:41:00,file_10,25,8,user_9
1122,2024-05-09 18:42:00,file_10,11,9,user_5
1123,2024-05-09 18:43:00,file_1,21,10,user_9
1124,2024-05-09 18:44:00,file_13,30,10,user_10
1125,2024-05-09 18:45:00,file_9,22,6,user_5
1126,2024-05-09 18:46:00,file_1,26,6,user_8
1127,2024-05-09 18:47:00,file_19,20,8,user_7
1128,2024-05-09 18:48:00,file_2,23,5,user_10
1129,2024-05-09 18:49:00,file_20,23,5,user_8
1130,2024-05-09 18:50:00,file_16,14,7,user_4
1131,2024-05-09 18:51:00,file_10,19,5,user_6
1132,2024-05-09 18:52:00,file_8,22,7,user_8
1133,2024-05-09 18:53:00,file_20,15,7,user_8
1134,2024-05-09 18:54:00,file_12,27,5,user_10
1135,2024-05-09 18:55:00,file_8,25,5,user_1
1136,2024-05-09 18:56:00,file_7,17,7,user_8
1137,2024-05-09 18:57:00,file_20,17,6,user_2
1138,2024-05-09 18:58:00,file_9,19,8,user_5
1139,2024-05-09 18:59:00,file_5,14,6,user_2
1140,2024-05-09 19:00:00,file_4,24,10,user_7
1141,2024-05-09 19:01:00,file_2,11,5,user_4
1142,2024-05-09 19:02:00,file_10,27,9,user_4
1143,2024-05-09 19:03:00,file_15,23,5,user_6
1144,2024-05-09 19:04:00,file_2,23,7,user_7
1145,2024-05-09 19:05:00,file_19,27,9,user_6
1146,2024-05-09 19:06:00,file_12,26,9,user_9
1147,2024-05-09 19:07:00,file_5,14,8,user_9
1148,2024-05-09 19:08:00,file_3,22,10,user_1
1149,2024-05-09 19:09:00,file_10,17,5,user_5
1150,2024-05-09 19:10:00,file_11,18,8,user_4
1151,2024-05-09 19:11:00,file_14,16,10,user_5
1152,2024-05-09 19:12:00,file_6,20,6,user_2
1153,2024-05-09 19:13:00,file_7,30,9,user_7
1154,2024-05-09 19:14:00,file_5,12,8,user_6
1155,2024-05-09 19:15:00,file_18,24,6,user_2
1156,2024-05-09 19:16:00,file_12,21,5,user_9
1157,2024-05-09 19:17:00,file_17,12,5,user_3
1158,2024-05-09 19:18:00,file_17,27,7,user_8
1159,2024-05-09 19:19:00,file_9,16,6,user_6
1160,2024-05-09 19:20:00,file_6,11,6,user_6
1161,2024-05-09 19:21:00,file_9,18,8,user_4
1162,2024-05-09 19:22:00,file_16,22,10,user_10
1163,2024-05-09 19:23:00,file_10,29,9,user_5
1164,2024-05-09 19:24:00,file_11,29,10,user_3
1165,2024-05-09 19:25:00,file_4,11,10,user_4
1166,2024-05-09 19:26:00,file_15,12,9,user_8
1167,2024-05-09 19:27:00,file_3,16,7,user_4
1168,2024-05-09 19:28:00,file_5,28,10,user_4
1169,2024-05-09 19:29:00,file_8,27,7,user_4
1170,2024-05-09 19:30:00,file_13,16,7,user_5
1171,2024-05-09 19:31:00,file_18,25,6,user_4
1172,2024-05-09 19:32:00,file_12,16,5,user_4
1173,2024-05-09 19:33:00,file_3,20,5,user_4
1174,2024-05-09 19:34:00,file_13,19,8,user_4
1175,2024-05-09 19:35:00,file_1,10,9,user_10
1176,2024-05-09 19:36:00,file_9,16,9,user_6
1177,2024-05-09 19:37:00,file_18,16,8,user_3
1178,2024-05-09 19:38:00,file_4,13,6,user_2
1179,2024-05-09 19:39:00,file_15,25,5,user_2
1180,2024-05-09 19:40:00,file_12,17,7,user_2
1181,2024-05-09 19:41:00,file_9,29,5,user_8
1182,2024-05-09 19:42:00,file_19,16,8,user_10
1183,2024-05-09 19:43:00,file_13,22,5,user_1
1184,2024-05-09 19:44:00,file_12,17,7,user_9
1185,2024-05-09 19:45:00,file_4,27,10,user_1
1186,2024-05-09 19:46:00,file_8,20,10,user_8
1187,2024-05-09 19:47:00,file_16,19,9,user_6
1188,2024-05-09 19:48:00,file_1,22,8,user_10
1189,2024-05-09 19:49:00,file_20,24,6,user_6
1190,2024-05-09 19:50:00,file_18,27,5,user_8
1191,2024-05-09 19:51:00,file_11,30,5,user_10
1192,2024-05-09 19:52:00,file_20,21,6,user_5
1193,2024-05-09 19:53:00,file_8,19,6,user_8
1194,2024-05-09 19:54:00,file_3,18,10,user_3
1195,2024-05-09 19:55:00,file_15,21,7,user_9
1196,2024-05-09 19:56:00,file_10,26,5,user_5
1197,2024-05-09 19:57:00,file_14,25,8,user_7
1198,2024-05-09 19:58:00,file_4,24,5,user_4
1199,2024-05-09 19:59:00,file_5,13,7,user_10
1200,2024-05-09 20:00:00,file_19,891,909,user_9
1201,2024-05-09 20:01:00,file_19,965,813,user_9
1202,2024-05-09 20:02:00,file_19,913,855,user_9
1203,2024-05-09 20:03:00,file_19,850,639,user_9
1204,2024-05-09 20:04:00,file_19,645,832,user_9
1205,2024-05-09 20:05:00,file_19,880,772,user_9
1206,2024-05-09 20:06:00,file_19,914,637,user_9
1207,2024-05-09 20:07:00,file_19,711,596,user_9
1208,2024-05-09 20:08:00,file_19,936,535,user_9
1209,2024-05-09 20:09:00,file_19,593,569,user_9
1210,2024-05-09 20:10:00,file_15,10,7,user_3
1211,2024-05-09 20:11:00,file_12,18,8,user_8
1212,2024-05-09 20:12:00,file_18,27,7,user_2
1213,2024-05-09 20:13:00,file_14,28,6,user_9
1214,2024-05-09 20:14:00,file_19,28,8,user_8
1215,2024-05-09 20:15:00,file_5,23,5,user_6
1216,2024-05-09 20:16:00,file_14,19,7,user_1
1217,2024-05-09 20:17:00,file_4,14,8,user_1
1218,2024-05-09 20:18:00,file_16,16,8,user_4
1219,2024-05-09 20:19:00,file_20,20,7,user_7
1220,2024-05-09 20:20:00,file_14,17,6,user_10
1221,2024-05-09 20:21:00,file_9,22,7,user_2
1222,2024-05-09 20:22:00,file_2,28,9,user_6
1223,2024-05-09 20:23:00,file_12,17,5,user_6
1224,2024-05-09 20:24:00,file_7,25,6,user_10
1225,2024-05-09 20:25:00,file_15,27,10,user_5
1226,2024-05-09 20:26:00,file_15,30,10,user_3
1227,2024-05-09 20:27:00,file_8,20,5,user_9
1228,2024-05-09 20:28:00,file_12,18,5,user_5
1229,2024-05-09 20:29:00,file_4,25,10,user_4
1230,2024-05-09 20:30:00,file_12,30,7,user_5
1231,2024-05-09 20:31:00,file_18,25,9,user_8
1232,2024-05-09 20:32:00,file_12,24,8,user_10
1233,2024-05-09 20:33:00,file_2,15,9,user_6
1234,2024-05-09 20:34:00,file_13,21,6,user_6
1235,2024-05-09 20:35:00,file_9,15,9,user_3
1236,2024-05-09 20:36:00,file_7,14,5,user_8
1237,2024-05-09 20:37:00,file_4,27,8,user_7
1238,2024-05-09 20:38:00,file_15,25,9,user_4
1239,2024-05-09 20:39:00,file_3,15,8,user_7
1240,2024-05-09 20:40:00,file_7,27,9,user_6
1241,2024-05-09 20:41:00,file_20,30,10,user_6
1242,2024-05-09 20:42:00,file_1,11,8,user_7
1243,2024-05-09 20:43:00,file_2,26,9,user_5
1244,2024-05-09 20:44:00,file_11,11,6,user_8
1245,2024-05-09 20:45:00,file_8,12,8,user_3
1246,2024-05-09 20:46:00,file_5,11,7,user_10
1247,2024-05-09 20:47:00,file_19,10,5,user_3
1248,2024-05-09 20:48:00,file_7,23,8,user_10
1249,2024-05-09 20:49:00,file_3,14,10,user_4
1250,2024-05-09 20:50:00,file_18,30,5,user_2
1251,2024-05-09 20:51:00,file_7,17,9,user_5
1252,2024-05-09 20:52:00,file_19,12,9,user_4
1253,2024-05-09 20:53:00,file_7,14,9,user_9
1254,2024-05-09 20:54:00,file_8,10,9,user_7
1255,2024-05-09 20:55:00,file_11,16,10,user_7
1256,2024-05-09 20:56:00,file_5,26,9,user_4
1257,2024-05-09 20:57:00,file_20,24,6,user_3
1258,2024-05-09 20:58:00,file_1,21,5,user_3
1259,2024-05-09 20:59:00,file_9,11,8,user_8
1260,2024-05-09 21:00:00,file_5,29,6,user_1
1261,2024-05-09 21:01:00,file_5,30,6,user_3
1262,2024-05-09 21:02:00,file_18,29,6,user_7
1263,2024-05-09 21:03:00,file_9,25,6,user_8
1264,2024-05-09 21:04:00,file_6,25,6,user_3
1265,2024-05-09 21:05:00,file_4,10,5,user_9
1266,2024-05-09 21:06:00,file_1,10,8,user_9
1267,2024-05-09 21:07:00,file_5,27,5,user_6
1268,2024-05-09 21:08:00,file_1,27,10,user_8
1269,2024-05-09 21:09:00,file_12,23,8,user_5
1270,2024-05-09 21:10:00,file_8,10,6,user_5
1271,2024-05-09 21:11:00,file_19,10,10,user_9
1272,2024-05-09 21:12:00,file_11,26,6,user_10
1273,2024-05-09 21:13:00,file_1,18,9,user_1
1274,2024-05-09 21:14:00,file_6,27,7,user_7
1275,2024-05-09 21:15:00,file_9,19,7,user_2
1276,2024-05-09 21:16:00,file_2,10,10,user_3
1277,2024-05-09 21:17:00,file_5,26,5,user_1
1278,2024-05-09 21:18:00,file_14,23,5,user_4
1279,2024-05-09 21:19:00,file_17,15,8,user_5
1280,2024-05-09 21:20:00,file_4,13,9,user_8
1281,2024-05-09 21:21:00,file_3,13,8,user_2
1282,2024-05-09 21:22:00,file_16,26,9,user_8
1283,2024-05-09 21:23:00,file_15,14,7,user_6
1284,2024-05-09 21:24:00,file_12,17,7,user_5
1285,2024-05-09 21:25:00,file_17,16,9,user_6
1286,2024-05-09 21:26:00,file_19,29,8,user_6
1287,2024-05-09 21:27:00,file_4,26,5,user_9
1288,2024-05-09 21:28:00,file_15,18,10,user_9
1289,2024-05-09 21:29:00,file_17,21,9,user_5
1290,2024-05-09 21:30:00,file_8,18,9,user_6
1291,2024-05-09 21:31:00,file_20,22,9,user_1
1292,2024-05-09 21:32:00,file_2,12,8,user_7
1293,2024-05-09 21:33:00,file_17,21,5,user_2
1294,2024-05-09 21:34:00,file_10,22,8,user_6
1295,2024-05-09 21:35:00,file_15,24,6,user_10
1296,2024-05-09 21:36:00,file_1,28,6,user_4
1297,2024-05-09 21:37:00,file_2,17,9,user_10
1298,2024-05-09 21:38:00,file_16,17,9,user_10
1299,2024-05-09 21:39:00,file_13,19,9,user_9
1300,2024-05-09 21:40:00,file_14,12,5,user_3
1301,2024-05-09 21:41:00,file_4,30,5,user_5
1302,2024-05-09 21:42:00,file_16,30,9,user_6
1303,2024-05-09 21:43:00,file_15,11,5,user_6
1304,2024-05-09 21:44:00,file_3,12,7,user_9
1305,2024-05-09 21:45:00,file_3,22,9,user_8
1306,2024-05-09 21:46:00,file_11,22,7,user_8
1307,2024-05-09 21:47:00,file_20,22,8,user_2
1308,2024-05-09 21:48:00,file_5,27,7,user_7
1309,2024-05-09 21:49:00,file_3,25,8,user_10
1310,2024-05-09 21:50:00,file_5,11,10,user_5
1311,2024-05-09 21:51:00,file_9,30,8,user_8
1312,2024-05-09 21:52:00,file_20,10,9,user_3
1313,2024-05-09 21:53:00,file_19,15,9,user_3
1314,2024-05-09 21:54:00,file_18,12,8,user_6
1315,2024-05-09 21:55:00,file_11,25,5,user_7
1316,2024-05-09 21:56:00,file_13,23,6,user_10
1317,2024-05-09 21:57:00,file_20,30,7,user_10
1318,2024-05-09 21:58:00,file_17,20,8,user_7
1319,2024-05-09 21:59:00,file_10,28,6,user_2
1320,2024-05-09 22:00:00,file_15,13,9,user_2
1321,2024-05-09 22:01:00,file_17,26,9,user_3
1322,2024-05-09 22:02:00,file_20,11,10,user_6
1323,2024-05-09 22:03:00,file_14,17,10,user_4
1324,2024-05-09 22:04:00,file_4,16,8,user_6
1325,2024-05-09 22:05:00,file_4,28,5,user_6
1326,2024-05-09 22:06:00,file_18,25,8,user_5
1327,2024-05-09 22:07:00,file_7,18,7,user_5
1328,2024-05-09 22:08:00,file_14,11,10,user_10
1329,2024-05-09 22:09:00,file_15,12,6,user_7
1330,2024-05-09 22:10:00,file_8,18,5,user_5
1331,2024-05-09 22:11:00,file_14,27,10,user_8
1332,2024-05-09 22:12:00,file_11,28,8,user_6
1333,2024-05-09 22:13:00,file_15,11,7,user_10
1334,2024-05-09 22:14:00,file_13,15,7,user_9
1335,2024-05-09 22:15:00,file_14,20,5,user_8
1336,2024-05-09 22:16:00,file_4,10,7,user_7
1337,2024-05-09 22:17:00,file_11,16,7,user_3
1338,2024-05-09 22:18:00,file_14,28,7,user_3
1339,2024-05-09 22:19:00,file_11,14,7,user_1
1340,2024-05-09 22:20:00,file_9,22,8,user_3
1341,2024-05-09 22:21:00,file_12,12,10,user_4
1342,2024-05-09 22:22:00,file_5,19,10,user_5
1343,2024-05-09 22:23:00,file_16,15,5,user_2
1344,2024-05-09 22:24:00,file_3,28,6,user_4
1345,2024-05-09 22:25:00,file_3,17,6,user_3
1346,2024-05-09 22:26:00,file_3,28,7,user_7
1347,2024-05-09 22:27:00,file_3,22,10,user_2
1348,2024-05-09 22:28:00,file_14,27,8,user_2
1349,2024-05-09 22:29:00,file_4,20,7,user_2
1350,2024-05-09 22:30:00,file_12,22,7,user_8
1351,2024-05-09 22:31:00,file_5,14,10,user_9
1352,2024-05-09 22:32:00,file_18,12,8,user_1
1353,2024-05-09 22:33:00,file_2,26,9,user_1
1354,2024-05-09 22:34:00,file_19,21,10,user_7
1355,2024-05-09 22:35:00,file_18,11,5,user_9
1356,2024-05-09 22:36:00,file_18,13,6,user_2
1357,2024-05-09 22:37:00,file_11,23,8,user_2
1358,2024-05-09 22:38:00,file_4,17,6,user_5
1359,2024-05-09 22:39:00,file_14,12,8,user_10
1360,2024-05-09 22:40:00,file_12,20,10,user_3
1361,2024-05-09 22:41:00,file_14,29,8,user_2
1362,2024-05-09 22:42:00,file_2,29,9,user_7
1363,2024-05-09 22:43:00,file_10,29,7,user_5
1364,2024-05-09 22:44:00,file_20,22,5,user_4
1365,2024-05-09 22:45:00,file_10,20,9,user_4
1366,2024-05-09 22:46:00,file_12,10,6,user_5
1367,2024-05-09 22:47:00,file_4,30,5,user_8
1368,2024-05-09 22:48:00,file_19,18,7,user_3
1369,2024-05-09 22:49:00,file_17,24,10,user_3
1370,2024-05-09 22:50:00,file_7,25,9,user_9
1371,2024-05-09 22:51:00,file_5,17,8,user_3
1372,2024-05-09 22:52:00,file_16,21,6,user_1
1373,2024-05-09 22:53:00,file_8,27,9,user_1
1374,2024-05-09 22:54:00,file_4,22,9,user_6
1375,2024-05-09 22:55:00,file_12,23,5,user_6
1376,2024-05-09 22:56:00,file_18,15,6,user_8
1377,2024-05-09 22:57:00,file_12,28,6,user_8
1378,2024-05-09 22:58:00,file_4,22,6,user_9
1379,2024-05-09 22:59:00,file_9,12,5,user_5
1380,2024-05-09 23:00:00,file_19,29,6,user_9
1381,2024-05-09 23:01:00,file_8,19,5,user_8
1382,2024-05-09 23:02:00,file_14,17,8,user_3
1383,2024-05-09 23:03:00,file_18,12,5,user_9
1384,2024-05-09 23:04:00,file_20,12,7,user_3
1385,2024-05-09 23:05:00,file_20,18,10,user_10
1386,2024-05-09 23:06:00,file_18,14,6,user_10
1387,2024-05-09 23:07:00,file_1,22,7,user_8
1388,2024-05-09 23:08:00,file_20,30,7,user_10
1389,2024-05-09 23:09:00,file_9,14,8,user_7
1390,2024-05-09 23:10:00,file_1,22,9,user_9
1391,2024-05-09 23:11:00,file_6,20,8,user_9
1392,2024-05-09 23:12:00,file_9,21,10,user_5
1393,2024-05-09 23:13:00,file_10,13,5,user_6
1394,2024-05-09 23:14:00,file_11,12,10,user_8
1395,2024-05-09 23:15:00,file_12,10,5,user_9
1396,2024-05-09 23:16:00,file_1,19,6,user_4
1397,2024-05-09 23:17:00,file_6,24,7,user_2
1398,2024-05-09 23:18:00,file_5,21,8,user_8
1399,2024-05-09 23:19:00,file_19,18,9,user_5
1400,2024-05-09 23:20:00,file_13,13,8,user_6
1401,2024-05-09 23:21:00,file_3,14,6,user_7
1402,2024-05-09 23:22:00,file_5,12,8,user_5
1403,2024-05-09 23:23:00,file_1,15,9,user_3
1404,2024-05-09 23:24:00,file_3,23,9,user_5
1405,2024-05-09 23:25:00,file_17,24,7,user_1
1406,2024-05-09 23:26:00,file_7,27,7,user_1
1407,2024-05-09 23:27:00,file_13,27,6,user_9
1408,2024-05-09 23:28:00,file_14,26,7,user_3
1409,2024-05-09 23:29:00,file_15,23,10,user_6
1410,2024-05-09 23:30:00,file_11,13,10,user_5
1411,2024-05-09 23:31:00,file_6,10,5,user_8
1412,2024-05-09 23:32:00,file_12,12,7,user_9
1413,2024-05-09 23:33:00,file_10,21,5,user_1
1414,2024-05-09 23:34:00,file_11,27,8,user_8
1415,2024-05-09 23:35:00,file_19,12,5,user_8
1416,2024-05-09 23:36:00,file_20,29,6,user_5
1417,2024-05-09 23:37:00,file_3,29,9,user_1
1418,2024-05-09 23:38:00,file_2,20,6,user_7
1419,2024-05-09 23:39:00,file_5,22,6,user_5
1420,2024-05-09 23:40:00,file_6,10,10,user_10
1421,2024-05-09 23:41:00,file_20,19,6,user_4
1422,2024-05-09 23:42:00,file_2,23,10,user_1
1423,2024-05-09 23:43:00,file_3,22,6,user_9
1424,2024-05-09 23:44:00,file_9,12,7,user_6
1425,2024-05-09 23:45:00,file_15,27,10,user_4
1426,2024-05-09 23:46:00,file_14,17,8,user_7
1427,2024-05-09 23:47:00,file_16,28,9,user_9
1428,2024-05-09 23:48:00,file_20,26,5,user_7
1429,2024-05-09 23:49:00,file_15,15,10,user_7
1430,2024-05-09 23:50:00,file_14,22,5,user_4
1431,2024-05-09 23:51:00,file_9,15,8,user_3
1432,2024-05-09 23:52:00,file_7,14,6,user_7
1433,2024-05-09 23:53:00,file_17,18,10,user_7
1434,2024-05-09 23:54:00,file_4,19,6,user_4
1435,2024-05-09 23:55:00,file_12,18,9,user_5
1436,2024-05-09 23:56:00,file_14,25,5,user_2
1437,2024-05-09 23:57:00,file_4,14,6,user_7
1438,2024-05-09 23:58:00,file_10,12,7,user_4
1439,2024-05-09 23:59:00,file_19,15,9,user_9
